{"stats":{"minecraft:crafted":{"minecraft:oak_planks":10,"minecraft:crafting_table":1,"minecraft:stick":4,"minecraft:wooden_pickaxe":1},"minecraft:picked_up":{"man:cassette_1safetyinstructions":1,"minecraft:oak_log":3,"minecraft:oak_sapling":3,"minecraft:oak_planks":2,"minecraft:cobblestone":10},"minecraft:dropped":{"man:cassette_1safetyinstructions":1},"minecraft:mined":{"minecraft:oak_log":3,"minecraft:stone":10,"minecraft:oak_planks":2,"minecraft:oak_leaves":10},"minecraft:used":{"minecraft:crafting_table":1,"minecraft:oak_sapling":2,"minecraft:oak_planks":2,"minecraft:wooden_pickaxe":10},"minecraft:custom":{"minecraft:time_since_rest":5162,"minecraft:play_time":5162,"minecraft:sprint_one_cm":5097,"minecraft:damage_taken":130,"minecraft:walk_one_cm":11024,"minecraft:sneak_time":10,"minecraft:drop":1,"minecraft:jump":83,"minecraft:leave_game":1,"minecraft:time_since_death":5162,"minecraft:total_world_time":5162,"minecraft:interact_with_crafting_table":1,"minecraft:fall_one_cm":3179,"minecraft:fly_one_cm":5330}},"DataVersion":3465}