{"stats":{"minecraft:used":{"minecraft:stone_sword":70,"regions_unexplored:maple_door":13,"minecraft:stone_pickaxe":430,"minecraft:chest":2,"minecraft:wooden_pickaxe":21,"regions_unexplored:maple_planks":1,"minecraft:torch":14,"born_in_chaos_v1:fried_maggot":7,"minecraft:rotten_flesh":13,"minecraft:mossy_cobblestone":2,"minecraft:dirt":11,"minecraft:carrot":1,"minecraft:crafting_table":6,"born_in_chaos_v1:corpse_maggot":7,"minecraft:apple":3,"regions_unexplored:maple_sapling":4,"minecraft:stone_axe":168,"mowziesmobs:spear":65,"minecraft:cobblestone":176,"minecraft:furnace":4,"minecraft:porkchop":2,"minecraft:cooked_porkchop":2,"regions_unexplored:maple_log":4},"minecraft:crafted":{"minecraft:raw_iron":1,"minecraft:crafting_table":3,"minecraft:spruce_planks":56,"regions_unexplored:maple_planks":44,"minecraft:wooden_pickaxe":1,"minecraft:furnace":2,"minecraft:stone_axe":2,"shieldexp:iron_shield":1,"minecraft:air":0,"minecraft:charcoal":6,"minecraft:stick":4,"born_in_chaos_v1:fried_maggot":2,"minecraft:chest":2,"minecraft:iron_ingot":10,"shieldexp:wooden_shield":1,"minecraft:stone_pickaxe":4,"minecraft:stone_sword":1,"regions_unexplored:maple_door":3,"minecraft:torch":32},"minecraft:killed_by":{"spore:inf_player":2,"spore:braiomil":1,"enemyexpansion:wasp":1,"minecraft:zombie":1,"born_in_chaos_v1:corpse_fly":1,"born_in_chaos_v1:door_knight":1},"minecraft:killed":{"born_in_chaos_v1:fallen_chaos_knight":1,"minecraft:pig":1,"spore:inf_player":1,"spore:braiomil":1,"undead_revamp2:the_moonflower":4,"undead_revamp2:axestrom":1,"enemyexpansion:direwolf":4,"minecraft:creeper":1,"born_in_chaos_v1:maggot":1,"minecraft:skeleton":1,"born_in_chaos_v1:corpse_fly":12,"realmrpg_demons:chort":2,"alexsmobs:fly":1,"enemyexpansion:slugger":1},"minecraft:picked_up":{"born_in_chaos_v1:corpse_maggot":14,"minecraft:charcoal":6,"minecraft:crafting_table":4,"minecraft:jungle_log":2,"regions_unexplored:maple_planks":1,"minecraft:oak_log":1,"regions_unexplored:red_maple_sapling":4,"shieldexp:wooden_shield":1,"minecraft:gunpowder":2,"mowziesmobs:spear":1,"minecraft:dirt":13,"minecraft:raw_copper":15,"man:cassette_1safetyinstructions":1,"minecraft:bone":4,"regions_unexplored:maple_door":10,"minecraft:apple":7,"minecraft:bow":1,"minecraft:wheat_seeds":3,"minecraft:cobbled_deepslate":3,"minecraft:spruce_planks":36,"minecraft:iron_ingot":1,"spelunkery:rough_lazurite":2,"regions_unexplored:larch_log":54,"regions_unexplored:larch_sapling":9,"spore:mutated_fiber":3,"minecraft:furnace":2,"minecraft:raw_iron":19,"minecraft:stick":92,"apotheosis:gem":1,"minecraft:cooked_porkchop":6,"spore:armor_fragment":6,"minecraft:torch":3,"minecraft:porkchop":2,"minecraft:spruce_sapling":66,"minecraft:spruce_log":112,"minecraft:carrot":1,"minecraft:mossy_cobblestone":2,"spore:claw_fragment":9,"born_in_chaos_v1:fried_maggot":5,"minecraft:arrow":2,"minecraft:rotten_flesh":15,"regions_unexplored:maple_sapling":13,"minecraft:stone_axe":1,"regions_unexplored:maple_log":56,"spelunkery:raw_iron_nugget":15,"spore:alveolic_sack":1,"minecraft:coal":7,"undead_revamp2:arapholia":2,"minecraft:cobblestone":424},"minecraft:custom":{"minecraft:interact_with_furnace":23,"minecraft:mob_kills":33,"minecraft:interact_with_crafting_table":29,"minecraft:interact_with_campfire":5,"minecraft:leave_game":3,"minecraft:time_since_death":3913,"minecraft:damage_dealt_resisted":276,"minecraft:time_since_rest":3937,"minecraft:sprint_one_cm":149524,"minecraft:damage_taken":3285,"minecraft:walk_one_cm":255545,"minecraft:drop":60,"minecraft:damage_dealt":5164,"minecraft:open_chest":1,"minecraft:swim_one_cm":43987,"minecraft:fly_one_cm":258742,"minecraft:play_time":88387,"minecraft:crouch_one_cm":329,"minecraft:sneak_time":873,"minecraft:deaths":9,"minecraft:walk_under_water_one_cm":37862,"minecraft:jump":1724,"minecraft:walk_on_water_one_cm":9596,"minecraft:total_world_time":88387,"minecraft:fall_one_cm":40647},"minecraft:dropped":{"minecraft:stone_axe":1,"minecraft:wheat_seeds":3,"minecraft:cobbled_deepslate":2,"minecraft:raw_copper":15,"undead_revamp2:arapholia":1,"minecraft:cooked_porkchop":4,"minecraft:raw_iron":9,"minecraft:cobblestone":108,"man:cassette_1safetyinstructions":2,"regions_unexplored:maple_sapling":9,"minecraft:apple":2,"minecraft:stick":1,"minecraft:dirt":2,"shieldexp:wooden_shield":1,"spelunkery:rough_lazurite":2,"minecraft:spruce_log":9,"minecraft:arrow":1,"minecraft:spruce_sapling":46},"minecraft:mined":{"regions_unexplored:maple_planks":1,"regions_unexplored:maple_log":4,"minecraft:crafting_table":4,"minecraft:torch":1,"regions_unexplored:peat_grass_block":1,"minecraft:grass_block":2,"minecraft:campfire":1,"regions_unexplored:maple_door":10,"minecraft:copper_ore":2,"minecraft:cobblestone":44,"minecraft:lapis_ore":2,"minecraft:wall_torch":2,"regions_unexplored:stone_bud":4,"minecraft:furnace":2,"minecraft:iron_ore":14,"regions_unexplored:mossy_stone":2,"treechop:chopped_log":14,"minecraft:grass":1,"minecraft:deepslate_iron_ore":6,"minecraft:coal_ore":4,"minecraft:dirt":11,"minecraft:stone":356,"minecraft:deepslate":1},"minecraft:broken":{"minecraft:stone_pickaxe":3,"mowziesmobs:spear":1,"minecraft:stone_axe":1}},"DataVersion":3465}