{"stats":{"minecraft:used":{"minecraft:stone_sword":108,"regions_unexplored:maple_door":13,"minecraft:chest":2,"born_in_chaos_v1:fried_maggot":15,"minecraft:rotten_flesh":15,"regions_unexplored:maple_planks":1,"minecraft:torch":19,"minecraft:dirt":11,"minecraft:carrot":1,"born_in_chaos_v1:corpse_maggot":7,"regions_unexplored:maple_sapling":4,"mowziesmobs:spear":65,"minecraft:furnace":4,"undead_revamp2:arapholia":1,"minecraft:cooked_beef":1,"minecraft:cobblestone_stairs":8,"minecraft:stone_pickaxe":675,"minecraft:wooden_pickaxe":33,"minecraft:mossy_cobblestone":2,"minecraft:crafting_table":6,"minecraft:campfire":1,"shieldexp:iron_shield":5,"minecraft:apple":3,"minecraft:stone_axe":205,"minecraft:cobblestone":220,"minecraft:cooked_porkchop":2,"minecraft:porkchop":2,"regions_unexplored:maple_log":5},"minecraft:crafted":{"minecraft:raw_iron":1,"regions_unexplored:maple_planks":44,"minecraft:furnace":2,"minecraft:cobblestone_stairs":4,"shieldexp:iron_shield":1,"born_in_chaos_v1:fried_maggot":2,"minecraft:stone_pickaxe":6,"minecraft:chest":2,"regions_unexplored:maple_door":3,"minecraft:crafting_table":3,"minecraft:spruce_planks":56,"minecraft:wooden_pickaxe":1,"minecraft:campfire":1,"minecraft:stone_axe":4,"minecraft:air":0,"minecraft:charcoal":6,"minecraft:stick":4,"minecraft:iron_ingot":10,"shieldexp:wooden_shield":1,"minecraft:stone_sword":3,"minecraft:torch":32},"minecraft:killed_by":{"spore:knight":2,"born_in_chaos_v1:corpse_fly":1,"spore:inf_player":4,"spore:braiomil":2,"minecraft:skeleton":1,"enemyexpansion:wasp":1,"minecraft:zombie":1,"born_in_chaos_v1:door_knight":1},"minecraft:killed":{"spore:braiomil":1,"undead_revamp2:axestrom":1,"enemyexpansion:direwolf":4,"born_in_chaos_v1:maggot":1,"minecraft:skeleton":1,"realmrpg_demons:chort":2,"born_in_chaos_v1:fallen_chaos_knight":1,"minecraft:pig":1,"spore:inf_player":2,"undead_revamp2:the_moonflower":4,"spore:scamper":1,"minecraft:creeper":1,"born_in_chaos_v1:corpse_fly":18,"alexsmobs:fly":1,"enemyexpansion:wasp":1,"enemyexpansion:slugger":1},"minecraft:picked_up":{"minecraft:charcoal":8,"minecraft:crafting_table":4,"spore:mutated_heart":1,"enemyexpansion:wasp_thorax":1,"regions_unexplored:maple_planks":3,"mowziesmobs:spear":1,"shieldexp:wooden_shield":1,"minecraft:raw_copper":15,"minecraft:cobbled_deepslate":3,"minecraft:spruce_planks":36,"regions_unexplored:larch_log":54,"minecraft:furnace":2,"spore:tumor":1,"minecraft:stick":109,"minecraft:raw_iron":19,"apotheosis:gem":1,"minecraft:torch":3,"minecraft:porkchop":2,"minecraft:carrot":1,"minecraft:rotten_flesh":17,"born_in_chaos_v1:fried_maggot":13,"minecraft:arrow":2,"regions_unexplored:maple_sapling":14,"spore:alveolic_sack":1,"undead_revamp2:arapholia":2,"minecraft:cobblestone":629,"born_in_chaos_v1:corpse_maggot":22,"minecraft:cooked_beef":2,"born_in_chaos_v1:monster_flesh":1,"minecraft:jungle_log":2,"minecraft:oak_log":1,"regions_unexplored:red_maple_sapling":4,"minecraft:gunpowder":2,"minecraft:cobblestone_stairs":4,"minecraft:dirt":13,"man:cassette_1safetyinstructions":1,"born_in_chaos_v1:monster_skin":1,"minecraft:bone":5,"regions_unexplored:maple_door":10,"minecraft:apple":7,"minecraft:bow":1,"minecraft:wheat_seeds":3,"spelunkery:rough_lazurite":2,"minecraft:iron_ingot":1,"spore:mutated_fiber":6,"regions_unexplored:larch_sapling":9,"minecraft:cooked_porkchop":6,"spore:armor_fragment":7,"minecraft:spruce_sapling":79,"minecraft:spruce_log":125,"minecraft:mossy_cobblestone":2,"spore:claw_fragment":9,"minecraft:stone_axe":1,"regions_unexplored:maple_log":79,"spelunkery:raw_iron_nugget":15,"minecraft:coal":53},"minecraft:custom":{"minecraft:mob_kills":42,"minecraft:interact_with_crafting_table":37,"minecraft:interact_with_campfire":13,"minecraft:damage_dealt_resisted":276,"minecraft:leave_game":5,"minecraft:time_since_death":573,"minecraft:sprint_one_cm":220027,"minecraft:walk_one_cm":350259,"minecraft:damage_blocked_by_shield":180,"minecraft:drop":64,"minecraft:play_time":124109,"minecraft:deaths":16,"minecraft:sneak_time":1420,"minecraft:walk_under_water_one_cm":38212,"minecraft:jump":2561,"minecraft:walk_on_water_one_cm":10862,"minecraft:total_world_time":124109,"minecraft:interact_with_furnace":33,"minecraft:time_since_rest":598,"minecraft:damage_taken":5358,"minecraft:damage_dealt":6809,"minecraft:swim_one_cm":43987,"minecraft:fly_one_cm":423069,"minecraft:open_chest":18,"minecraft:crouch_one_cm":1828,"minecraft:fall_one_cm":63844},"minecraft:dropped":{"minecraft:wheat_seeds":3,"minecraft:cooked_beef":3,"minecraft:cooked_porkchop":4,"minecraft:cobblestone":108,"man:cassette_1safetyinstructions":2,"minecraft:apple":4,"minecraft:stick":1,"minecraft:dirt":2,"shieldexp:wooden_shield":1,"minecraft:spruce_sapling":46,"minecraft:stone_axe":1,"minecraft:cobbled_deepslate":2,"minecraft:raw_copper":15,"minecraft:raw_iron":9,"undead_revamp2:arapholia":1,"regions_unexplored:maple_sapling":9,"spelunkery:rough_lazurite":2,"minecraft:spruce_log":9,"minecraft:arrow":1},"minecraft:mined":{"regions_unexplored:maple_planks":3,"regions_unexplored:maple_log":5,"minecraft:cobblestone_stairs":4,"minecraft:grass_block":2,"regions_unexplored:stone_bud":4,"minecraft:furnace":2,"minecraft:iron_ore":14,"regions_unexplored:mossy_stone":2,"treechop:chopped_log":17,"minecraft:deepslate_iron_ore":6,"regions_unexplored:medium_grass":1,"minecraft:stone":537,"minecraft:crafting_table":4,"minecraft:torch":1,"regions_unexplored:peat_grass_block":1,"regions_unexplored:maple_door":10,"minecraft:campfire":2,"minecraft:copper_ore":2,"minecraft:cobblestone":69,"minecraft:lapis_ore":2,"minecraft:wall_torch":2,"minecraft:grass":1,"minecraft:coal_ore":51,"minecraft:dirt":11,"minecraft:deepslate":1},"minecraft:broken":{"minecraft:stone_pickaxe":5,"mowziesmobs:spear":1,"minecraft:stone_axe":1}},"DataVersion":3465}