{"stats":{"minecraft:used":{"minecraft:spruce_planks":4,"minecraft:rotten_flesh":1,"regions_unexplored:maple_planks":10,"minecraft:torch":8,"minecraft:dirt":1,"minecraft:mutton":1,"born_in_chaos_v1:corpse_maggot":6,"mowziesmobs:spear":133,"minecraft:beef":1,"minecraft:furnace":2,"minecraft:cooked_beef":3,"minecraft:stone_pickaxe":243,"minecraft:crafting_table":2,"minecraft:campfire":2,"minecraft:white_bed":5,"minecraft:smoker":3,"minecraft:apple":6,"minecraft:chicken":1,"minecraft:stone_axe":107,"minecraft:cobblestone":109,"minecraft:cooked_porkchop":5,"minecraft:porkchop":1},"minecraft:crafted":{"regions_unexplored:maple_planks":36,"minecraft:furnace":1,"shieldexp:iron_shield":1,"minecraft:stone_pickaxe":2,"mowziesmobs:spear":3,"minecraft:smoker":2,"minecraft:cooked_porkchop":15,"minecraft:crafting_table":1,"minecraft:spruce_planks":36,"minecraft:bone":6,"minecraft:campfire":2,"minecraft:stone_axe":2,"minecraft:air":0,"minecraft:charcoal":7,"minecraft:stick":16,"born_in_chaos_v1:smoked_flesh":12,"minecraft:iron_ingot":9,"minecraft:white_bed":1,"minecraft:torch":16,"minecraft:shears":1},"minecraft:killed_by":{"lummobs:angel":1,"minecraft:creeper":1,"spore:scamper":1,"spore:inf_human":1,"minecraft:skeleton":2,"born_in_chaos_v1:door_knight":1,"born_in_chaos_v1:dread_hound":1},"minecraft:killed":{"undead_revamp2:axestrom":1,"lummobs:skull_1":1,"enemyexpansion:direwolf":1,"born_in_chaos_v1:zombie_bruiser":1,"born_in_chaos_v1:maggot":2,"minecraft:fox":2,"minecraft:chicken":1,"born_in_chaos_v1:corpse_fish":1,"undead_revamp2:sucker":2,"minecraft:pig":8,"enemyexpansion:sprinter":1,"minecraft:sheep":1,"spore:inf_villager":2,"minecraft:zombie":6,"spore:inf_human":3,"born_in_chaos_v1:corpse_fly":3,"enemyexpansion:botfly":1,"lummobs:angel":1,"lummobs:cacus":1,"minecraft:cow":4},"minecraft:picked_up":{"minecraft:charcoal":34,"minecraft:crafting_table":5,"minecraft:coarse_dirt":2,"minecraft:wheat":1,"minecraft:chainmail_boots":1,"minecraft:chicken":1,"born_in_chaos_v1:seedof_chaos":2,"regions_unexplored:silt_dirt":4,"minecraft:enchanted_book":3,"minecraft:string":5,"minecraft:raw_copper":10,"shieldexp:wooden_shield":1,"minecraft:spruce_planks":29,"minecraft:beef":7,"born_in_chaos_v1:gnawed_bones":1,"minecraft:sugar_cane":4,"minecraft:furnace":4,"minecraft:stick":43,"minecraft:raw_iron":10,"apotheosis:gem":5,"born_in_chaos_v1:shattered_skull":2,"minecraft:torch":1,"minecraft:porkchop":20,"born_in_chaos_v1:pieceofdarkmetal":2,"minecraft:arrow":1,"minecraft:rotten_flesh":14,"regions_unexplored:maple_sapling":34,"minecraft:mutton":1,"minecraft:cobblestone":172,"minecraft:white_wool":3,"born_in_chaos_v1:corpse_maggot":6,"regions_unexplored:peat_dirt":5,"minecraft:feather":3,"minecraft:cooked_beef":7,"born_in_chaos_v1:spiritual_dust":2,"minecraft:smoker":2,"minecraft:potato":1,"minecraft:oak_log":1,"minecraft:dirt":2,"born_in_chaos_v1:monster_skin":1,"minecraft:bone":20,"minecraft:apple":5,"minecraft:wheat_seeds":1,"minecraft:iron_ingot":1,"spelunkery:rough_lazurite":2,"spore:mutated_fiber":2,"minecraft:book":21,"spore:cerebrum":1,"minecraft:cooked_porkchop":3,"minecraft:jungle_planks":3,"minecraft:spruce_sapling":23,"minecraft:white_bed":4,"minecraft:spruce_log":24,"minecraft:trapped_chest":1,"minecraft:iron_helmet":2,"regions_unexplored:maple_log":65,"minecraft:coal":127},"minecraft:custom":{"minecraft:mob_kills":43,"minecraft:interact_with_crafting_table":13,"minecraft:open_barrel":1,"minecraft:interact_with_campfire":10,"minecraft:damage_dealt_resisted":167,"minecraft:leave_game":9,"minecraft:time_since_death":38574,"minecraft:damage_resisted":0,"minecraft:sprint_one_cm":265449,"minecraft:walk_one_cm":125285,"minecraft:drop":62,"minecraft:play_time":110796,"minecraft:deaths":13,"minecraft:sneak_time":3108,"minecraft:walk_under_water_one_cm":2066,"minecraft:jump":1900,"minecraft:walk_on_water_one_cm":7222,"minecraft:total_world_time":110796,"minecraft:interact_with_furnace":20,"minecraft:sleep_in_bed":1,"minecraft:time_since_rest":2287,"minecraft:damage_taken":3917,"minecraft:trigger_trapped_chest":1,"minecraft:damage_dealt":7883,"minecraft:swim_one_cm":13376,"minecraft:fly_one_cm":379050,"minecraft:open_chest":9,"minecraft:crouch_one_cm":5974,"minecraft:interact_with_smoker":6,"minecraft:fall_one_cm":48607},"minecraft:dropped":{"minecraft:oak_log":1,"minecraft:crafting_table":2,"minecraft:cooked_porkchop":8,"minecraft:stick":1,"minecraft:dirt":1,"shieldexp:wooden_shield":2,"minecraft:bone":26,"minecraft:coarse_dirt":2,"minecraft:raw_copper":10,"minecraft:wheat":1,"regions_unexplored:maple_sapling":34,"mowziesmobs:spear":1,"spore:mutated_fiber":2,"regions_unexplored:peat_dirt":5,"apotheosis:gem":3,"minecraft:arrow":1},"minecraft:mined":{"minecraft:white_bed":4,"minecraft:grass_block":1,"regions_unexplored:maple_leaves":5,"minecraft:furnace":4,"minecraft:iron_ore":1,"regions_unexplored:mossy_stone":2,"regions_unexplored:orange_maple_leaves":1,"treechop:chopped_log":5,"regions_unexplored:larch_leaves":5,"realmrpg_skeletons:rookie_skeleton":1,"minecraft:bookshelf":7,"minecraft:stone":71,"regions_unexplored:silt_grass_block":1,"minecraft:smoker":2,"minecraft:crafting_table":3,"regions_unexplored:peat_grass_block":1,"regions_unexplored:silt_dirt":3,"minecraft:campfire":1,"minecraft:copper_ore":2,"minecraft:tall_grass":2,"minecraft:cobblestone":28,"minecraft:coarse_dirt":2,"minecraft:trapped_chest":1,"minecraft:coal_ore":129,"regions_unexplored:peat_dirt":4,"minecraft:dirt":1},"minecraft:broken":{"minecraft:stone_pickaxe":1,"mowziesmobs:spear":2}},"DataVersion":3465}