{"stats":{"minecraft:mined":{"minecraft:crafting_table":1,"minecraft:grass_block":1,"regions_unexplored:maple_leaves":5,"minecraft:tall_grass":2,"minecraft:copper_ore":2,"minecraft:cobblestone":21,"minecraft:trapped_chest":1,"minecraft:furnace":1,"minecraft:iron_ore":1,"regions_unexplored:mossy_stone":2,"regions_unexplored:orange_maple_leaves":1,"treechop:chopped_log":5,"realmrpg_skeletons:rookie_skeleton":1,"minecraft:bookshelf":7,"minecraft:coal_ore":129,"minecraft:dirt":1,"minecraft:stone":30},"minecraft:dropped":{"minecraft:raw_copper":10,"minecraft:wheat":1,"regions_unexplored:maple_sapling":34,"mowziesmobs:spear":1,"spore:mutated_fiber":2,"minecraft:stick":1,"minecraft:dirt":1,"apotheosis:gem":3,"minecraft:arrow":1,"minecraft:bone":14},"minecraft:broken":{"minecraft:stone_pickaxe":1,"mowziesmobs:spear":1},"minecraft:custom":{"minecraft:interact_with_furnace":10,"minecraft:mob_kills":22,"minecraft:interact_with_crafting_table":9,"minecraft:open_barrel":1,"minecraft:interact_with_campfire":4,"minecraft:damage_dealt_resisted":167,"minecraft:leave_game":8,"minecraft:time_since_death":115,"minecraft:time_since_rest":169,"minecraft:sprint_one_cm":172887,"minecraft:damage_taken":3065,"minecraft:walk_one_cm":79775,"minecraft:trigger_trapped_chest":1,"minecraft:drop":37,"minecraft:damage_dealt":3935,"minecraft:swim_one_cm":12041,"minecraft:fly_one_cm":214625,"minecraft:open_chest":2,"minecraft:crouch_one_cm":4196,"minecraft:play_time":65144,"minecraft:deaths":12,"minecraft:sneak_time":2394,"minecraft:walk_under_water_one_cm":1342,"minecraft:jump":1100,"minecraft:walk_on_water_one_cm":5589,"minecraft:total_world_time":65144,"minecraft:fall_one_cm":30098},"minecraft:picked_up":{"born_in_chaos_v1:corpse_maggot":6,"minecraft:crafting_table":1,"minecraft:wheat":1,"minecraft:feather":3,"minecraft:chicken":1,"minecraft:potato":1,"minecraft:enchanted_book":3,"minecraft:dirt":2,"minecraft:string":4,"minecraft:raw_copper":10,"minecraft:bone":14,"minecraft:apple":3,"minecraft:iron_ingot":1,"minecraft:spruce_planks":29,"minecraft:beef":7,"spelunkery:rough_lazurite":2,"spore:mutated_fiber":2,"minecraft:furnace":1,"minecraft:book":21,"minecraft:stick":43,"minecraft:raw_iron":10,"apotheosis:gem":5,"minecraft:cooked_porkchop":2,"minecraft:porkchop":5,"minecraft:spruce_sapling":8,"minecraft:spruce_log":24,"born_in_chaos_v1:pieceofdarkmetal":2,"minecraft:trapped_chest":1,"minecraft:arrow":1,"minecraft:rotten_flesh":6,"regions_unexplored:maple_sapling":34,"regions_unexplored:maple_log":65,"minecraft:mutton":1,"minecraft:coal":127,"minecraft:white_wool":3,"minecraft:cobblestone":126},"minecraft:killed":{"minecraft:pig":2,"undead_revamp2:axestrom":1,"lummobs:skull_1":1,"born_in_chaos_v1:maggot":2,"minecraft:sheep":1,"minecraft:zombie":1,"spore:inf_human":3,"minecraft:chicken":1,"minecraft:fox":2,"born_in_chaos_v1:corpse_fly":3,"lummobs:angel":1,"minecraft:cow":4},"minecraft:killed_by":{"lummobs:angel":1,"minecraft:skeleton":2,"minecraft:creeper":1,"spore:inf_human":1,"born_in_chaos_v1:door_knight":1,"born_in_chaos_v1:dread_hound":1},"minecraft:crafted":{"minecraft:crafting_table":1,"minecraft:spruce_planks":36,"regions_unexplored:maple_planks":36,"minecraft:furnace":1,"minecraft:campfire":2,"minecraft:stone_axe":2,"shieldexp:iron_shield":1,"minecraft:air":0,"minecraft:charcoal":7,"minecraft:stick":16,"minecraft:iron_ingot":9,"minecraft:stone_pickaxe":2,"mowziesmobs:spear":2,"minecraft:torch":16,"minecraft:shears":1,"minecraft:smoker":1},"minecraft:used":{"minecraft:stone_pickaxe":189,"minecraft:spruce_planks":4,"minecraft:rotten_flesh":1,"regions_unexplored:maple_planks":10,"minecraft:torch":6,"minecraft:dirt":1,"minecraft:campfire":2,"born_in_chaos_v1:corpse_maggot":6,"minecraft:apple":4,"minecraft:chicken":1,"minecraft:stone_axe":79,"mowziesmobs:spear":67,"minecraft:cobblestone":49,"minecraft:porkchop":1,"minecraft:cooked_porkchop":2}},"DataVersion":3465}