{"stats":{"minecraft:used":{"minecraft:spruce_planks":5,"minecraft:cooked_salmon":1,"minecraft:rotten_flesh":1,"regions_unexplored:maple_planks":11,"minecraft:torch":11,"minecraft:dirt":1,"minecraft:mutton":1,"born_in_chaos_v1:corpse_maggot":6,"mowziesmobs:spear":133,"minecraft:beef":1,"minecraft:furnace":2,"minecraft:cooked_cod":1,"minecraft:cooked_beef":3,"minecraft:stone_pickaxe":267,"minecraft:crafting_table":3,"minecraft:campfire":2,"minecraft:white_bed":5,"minecraft:smoker":3,"minecraft:apple":6,"minecraft:chicken":1,"minecraft:stone_axe":131,"minecraft:cobblestone":161,"minecraft:cooked_porkchop":9,"minecraft:porkchop":1},"minecraft:crafted":{"regions_unexplored:maple_planks":36,"minecraft:furnace":1,"shieldexp:iron_shield":1,"minecraft:leather":2,"minecraft:stone_pickaxe":3,"mowziesmobs:spear":3,"minecraft:smoker":2,"minecraft:cooked_porkchop":15,"minecraft:crafting_table":1,"minecraft:spruce_planks":36,"minecraft:bone":6,"minecraft:campfire":2,"minecraft:stone_axe":2,"minecraft:air":0,"minecraft:charcoal":7,"minecraft:stick":16,"born_in_chaos_v1:smoked_flesh":30,"minecraft:iron_ingot":9,"minecraft:white_bed":1,"minecraft:torch":16,"minecraft:shears":1},"minecraft:killed_by":{"lummobs:angel":1,"minecraft:creeper":1,"spore:scamper":1,"spore:inf_human":1,"minecraft:skeleton":2,"born_in_chaos_v1:door_knight":1,"born_in_chaos_v1:dread_hound":1},"minecraft:killed":{"born_in_chaos_v1:zombie_clown_not_despawn":1,"undead_revamp2:axestrom":1,"lummobs:skull_1":1,"enemyexpansion:direwolf":1,"born_in_chaos_v1:zombie_bruiser":1,"born_in_chaos_v1:maggot":2,"minecraft:fox":2,"minecraft:chicken":1,"born_in_chaos_v1:corpse_fish":1,"undead_revamp2:sucker":2,"minecraft:pig":8,"enemyexpansion:sprinter":1,"minecraft:sheep":1,"spore:inf_villager":2,"minecraft:zombie":8,"spore:inf_human":3,"born_in_chaos_v1:corpse_fly":3,"enemyexpansion:botfly":1,"lummobs:angel":1,"lummobs:cacus":1,"minecraft:enderman":1,"minecraft:cow":4},"minecraft:picked_up":{"minecraft:charcoal":49,"minecraft:crafting_table":6,"minecraft:coarse_dirt":2,"minecraft:wheat":1,"minecraft:chainmail_boots":1,"minecraft:chicken":1,"born_in_chaos_v1:seedof_chaos":2,"regions_unexplored:silt_dirt":4,"minecraft:enchanted_book":3,"minecraft:string":5,"minecraft:raw_copper":10,"shieldexp:wooden_shield":1,"born_in_chaos_v1:intoxicating_decoction":1,"minecraft:spruce_planks":29,"minecraft:beef":7,"born_in_chaos_v1:gnawed_bones":1,"minecraft:sugar_cane":4,"minecraft:furnace":4,"minecraft:stick":43,"minecraft:raw_iron":12,"apotheosis:gem":5,"born_in_chaos_v1:shattered_skull":2,"minecraft:torch":1,"minecraft:porkchop":20,"born_in_chaos_v1:pieceofdarkmetal":2,"minecraft:arrow":2,"minecraft:rotten_flesh":36,"regions_unexplored:maple_sapling":34,"minecraft:mutton":1,"minecraft:cobblestone":184,"minecraft:white_wool":3,"born_in_chaos_v1:corpse_maggot":6,"regions_unexplored:peat_dirt":8,"minecraft:feather":3,"minecraft:cooked_beef":7,"born_in_chaos_v1:spiritual_dust":2,"minecraft:smoker":3,"minecraft:potato":1,"regions_unexplored:peat_grass_block":1,"minecraft:oak_log":1,"minecraft:dirt":3,"born_in_chaos_v1:monster_skin":1,"minecraft:bone":22,"minecraft:apple":5,"minecraft:wheat_seeds":1,"born_in_chaos_v1:smoked_flesh":2,"minecraft:iron_ingot":1,"spelunkery:rough_lazurite":2,"spore:mutated_fiber":2,"minecraft:book":21,"spore:cerebrum":1,"minecraft:cooked_porkchop":3,"minecraft:jungle_planks":3,"minecraft:spruce_sapling":23,"minecraft:white_bed":5,"minecraft:spruce_log":24,"minecraft:trapped_chest":1,"minecraft:iron_helmet":2,"regions_unexplored:maple_log":65,"minecraft:coal":134,"minecraft:ender_pearl":1},"minecraft:custom":{"minecraft:mob_kills":47,"minecraft:interact_with_crafting_table":14,"minecraft:open_barrel":32,"minecraft:interact_with_campfire":10,"minecraft:damage_dealt_resisted":167,"minecraft:leave_game":9,"minecraft:time_since_death":50574,"minecraft:climb_one_cm":1562,"minecraft:damage_resisted":0,"minecraft:sprint_one_cm":309391,"minecraft:walk_one_cm":141754,"minecraft:drop":69,"minecraft:play_time":122796,"minecraft:deaths":13,"minecraft:sneak_time":3958,"minecraft:walk_under_water_one_cm":2488,"minecraft:jump":2175,"minecraft:walk_on_water_one_cm":7443,"minecraft:total_world_time":122796,"minecraft:interact_with_furnace":20,"minecraft:sleep_in_bed":2,"minecraft:time_since_rest":11889,"minecraft:damage_taken":4302,"minecraft:trigger_trapped_chest":1,"minecraft:damage_dealt":9379,"minecraft:swim_one_cm":18083,"minecraft:fly_one_cm":427317,"minecraft:open_chest":14,"minecraft:crouch_one_cm":8068,"minecraft:interact_with_smoker":12,"minecraft:fall_one_cm":56383},"minecraft:dropped":{"minecraft:oak_log":1,"minecraft:crafting_table":2,"minecraft:cooked_porkchop":9,"minecraft:iron_helmet":1,"minecraft:stick":1,"minecraft:dirt":2,"shieldexp:wooden_shield":2,"minecraft:bone":28,"minecraft:coarse_dirt":2,"minecraft:raw_copper":10,"minecraft:wheat":1,"regions_unexplored:maple_sapling":34,"mowziesmobs:spear":1,"spore:mutated_fiber":2,"regions_unexplored:peat_dirt":8,"apotheosis:gem":3,"regions_unexplored:peat_grass_block":1,"minecraft:arrow":2},"minecraft:mined":{"minecraft:white_bed":5,"minecraft:grass_block":2,"regions_unexplored:maple_leaves":5,"minecraft:furnace":4,"minecraft:iron_ore":3,"regions_unexplored:mossy_stone":2,"regions_unexplored:orange_maple_leaves":1,"treechop:chopped_log":5,"regions_unexplored:larch_leaves":5,"realmrpg_skeletons:rookie_skeleton":1,"minecraft:bookshelf":7,"minecraft:stripped_mangrove_wood":1,"minecraft:stone":79,"regions_unexplored:silt_grass_block":1,"minecraft:smoker":3,"minecraft:crafting_table":4,"born_in_chaos_v1:scorched_planks":2,"regions_unexplored:peat_grass_block":1,"regions_unexplored:silt_dirt":3,"minecraft:campfire":1,"minecraft:copper_ore":2,"minecraft:tall_grass":6,"minecraft:cobblestone":33,"minecraft:light_blue_terracotta":1,"minecraft:red_candle":1,"minecraft:coarse_dirt":2,"minecraft:trapped_chest":1,"minecraft:mangrove_planks":1,"minecraft:grass":1,"minecraft:coal_ore":136,"regions_unexplored:peat_dirt":6,"minecraft:dirt":1},"minecraft:broken":{"minecraft:stone_pickaxe":2,"mowziesmobs:spear":2}},"DataVersion":3465}