{"stats":{"minecraft:used":{"minecraft:spruce_planks":30,"minecraft:cooked_salmon":1,"minecraft:rotten_flesh":1,"regions_unexplored:maple_planks":42,"minecraft:torch":13,"minecraft:dirt":20,"minecraft:mutton":1,"minecraft:wooden_axe":9,"born_in_chaos_v1:corpse_maggot":6,"mowziesmobs:spear":133,"minecraft:beef":1,"minecraft:furnace":2,"minecraft:cooked_cod":2,"minecraft:cooked_beef":3,"minecraft:spruce_door":1,"minecraft:stone_pickaxe":289,"minecraft:crafting_table":6,"minecraft:campfire":2,"minecraft:white_bed":8,"minecraft:smoker":3,"shieldexp:iron_shield":3,"minecraft:apple":6,"minecraft:bread":10,"minecraft:chicken":1,"minecraft:stone_axe":178,"minecraft:cobblestone":161,"minecraft:cooked_porkchop":9,"minecraft:porkchop":1,"regions_unexplored:maple_boat":1},"minecraft:crafted":{"regions_unexplored:maple_planks":36,"minecraft:furnace":1,"shieldexp:iron_shield":1,"minecraft:leather":2,"minecraft:stone_pickaxe":3,"minecraft:spruce_boat":1,"mowziesmobs:spear":3,"minecraft:smoker":2,"minecraft:cooked_porkchop":15,"minecraft:crafting_table":1,"minecraft:spruce_planks":50,"minecraft:bone":6,"minecraft:campfire":2,"regions_unexplored:maple_boat":1,"minecraft:stone_axe":3,"minecraft:air":0,"minecraft:charcoal":7,"minecraft:stick":16,"born_in_chaos_v1:smoked_flesh":30,"minecraft:iron_ingot":9,"minecraft:wooden_axe":1,"minecraft:white_bed":1,"minecraft:torch":16,"minecraft:shears":1},"minecraft:killed_by":{"lummobs:angel":1,"undead_revamp2:the_moonflower":1,"minecraft:creeper":1,"spore:scamper":1,"spore:inf_human":1,"minecraft:skeleton":2,"born_in_chaos_v1:door_knight":1,"born_in_chaos_v1:dread_hound":1},"minecraft:killed":{"born_in_chaos_v1:zombie_clown_not_despawn":1,"undead_revamp2:axestrom":1,"undead_revamp2:thesmoker":1,"lummobs:skull_1":1,"enemyexpansion:direwolf":1,"born_in_chaos_v1:zombie_bruiser":1,"born_in_chaos_v1:maggot":2,"minecraft:fox":2,"minecraft:chicken":5,"born_in_chaos_v1:corpse_fish":1,"undead_revamp2:sucker":2,"minecraft:pig":9,"undead_revamp2:the_moonflower":3,"enemyexpansion:sprinter":1,"born_in_chaos_v1:decrepit_skeleton":1,"minecraft:sheep":1,"spore:inf_villager":2,"realmrpg_quests:cook":1,"enemyexpansion:meature":1,"minecraft:zombie":9,"spore:inf_human":3,"born_in_chaos_v1:corpse_fly":4,"enemyexpansion:botfly":1,"lummobs:angel":1,"lummobs:cacus":1,"minecraft:enderman":1,"minecraft:cow":4},"minecraft:picked_up":{"minecraft:charcoal":49,"minecraft:crafting_table":10,"minecraft:coarse_dirt":3,"minecraft:wheat":1,"minecraft:chainmail_boots":1,"minecraft:chicken":1,"born_in_chaos_v1:seedof_chaos":2,"regions_unexplored:silt_dirt":4,"regions_unexplored:maple_boat":1,"minecraft:enchanted_book":3,"minecraft:string":5,"minecraft:raw_copper":10,"shieldexp:wooden_shield":1,"born_in_chaos_v1:intoxicating_decoction":1,"minecraft:spruce_planks":40,"minecraft:beef":7,"born_in_chaos_v1:gnawed_bones":1,"minecraft:sugar_cane":4,"minecraft:furnace":6,"minecraft:stick":43,"minecraft:raw_iron":17,"apotheosis:gem":5,"born_in_chaos_v1:shattered_skull":2,"minecraft:torch":2,"minecraft:porkchop":22,"minecraft:carrot":2,"born_in_chaos_v1:pieceofdarkmetal":2,"minecraft:arrow":2,"minecraft:rotten_flesh":43,"regions_unexplored:maple_sapling":34,"minecraft:mutton":1,"minecraft:cobblestone":196,"minecraft:white_wool":10,"born_in_chaos_v1:corpse_maggot":6,"regions_unexplored:peat_dirt":8,"minecraft:feather":6,"minecraft:cooked_beef":7,"born_in_chaos_v1:spiritual_dust":2,"minecraft:smoker":5,"minecraft:potato":2,"regions_unexplored:peat_grass_block":1,"minecraft:oak_log":1,"minecraft:dirt":26,"born_in_chaos_v1:monster_skin":1,"minecraft:bone":22,"minecraft:apple":5,"minecraft:stone_bricks":1,"minecraft:bow":1,"minecraft:wheat_seeds":1,"born_in_chaos_v1:smoked_flesh":2,"minecraft:iron_ingot":1,"spelunkery:rough_lazurite":2,"spore:mutated_fiber":2,"minecraft:book":33,"spore:cerebrum":1,"minecraft:cooked_porkchop":3,"minecraft:jungle_planks":3,"minecraft:spruce_sapling":23,"minecraft:spruce_door":2,"minecraft:white_bed":8,"minecraft:spruce_log":24,"minecraft:trapped_chest":1,"minecraft:iron_helmet":2,"regions_unexplored:maple_log":65,"minecraft:bread":2,"minecraft:coal":140,"minecraft:ender_pearl":1},"minecraft:custom":{"minecraft:mob_kills":61,"minecraft:interact_with_crafting_table":18,"minecraft:open_barrel":35,"minecraft:interact_with_campfire":10,"minecraft:damage_dealt_resisted":167,"minecraft:leave_game":9,"minecraft:time_since_death":11083,"minecraft:climb_one_cm":1562,"minecraft:damage_resisted":0,"minecraft:sprint_one_cm":387048,"minecraft:walk_one_cm":165894,"minecraft:damage_blocked_by_shield":90,"minecraft:drop":84,"minecraft:play_time":146796,"minecraft:deaths":14,"minecraft:sneak_time":4678,"minecraft:walk_under_water_one_cm":3014,"minecraft:jump":2994,"minecraft:walk_on_water_one_cm":8485,"minecraft:total_world_time":146796,"minecraft:interact_with_furnace":20,"minecraft:sleep_in_bed":4,"minecraft:time_since_rest":9510,"minecraft:damage_taken":4997,"minecraft:trigger_trapped_chest":3,"minecraft:damage_dealt":11564,"minecraft:swim_one_cm":34720,"minecraft:fly_one_cm":624879,"minecraft:open_chest":16,"minecraft:crouch_one_cm":10383,"minecraft:interact_with_smoker":12,"minecraft:fall_one_cm":86157},"minecraft:dropped":{"minecraft:oak_log":1,"minecraft:ender_pearl":1,"minecraft:crafting_table":3,"minecraft:cooked_porkchop":9,"minecraft:lead":1,"minecraft:iron_helmet":1,"minecraft:coal":2,"minecraft:stick":1,"minecraft:dirt":6,"minecraft:wooden_axe":1,"shieldexp:wooden_shield":2,"minecraft:bone":28,"minecraft:coarse_dirt":2,"minecraft:raw_copper":10,"minecraft:wheat":1,"regions_unexplored:maple_sapling":34,"spore:cerebrum":1,"mowziesmobs:spear":1,"spore:mutated_fiber":2,"minecraft:carrot":2,"minecraft:potato":1,"regions_unexplored:peat_dirt":8,"apotheosis:gem":3,"regions_unexplored:peat_grass_block":1,"minecraft:stone_bricks":1,"minecraft:spruce_log":3,"minecraft:arrow":2},"minecraft:mined":{"minecraft:spruce_planks":9,"minecraft:white_bed":8,"minecraft:grass_block":2,"regions_unexplored:maple_leaves":5,"minecraft:spruce_leaves":1,"minecraft:furnace":6,"minecraft:iron_ore":8,"regions_unexplored:mossy_stone":2,"regions_unexplored:orange_maple_leaves":1,"treechop:chopped_log":5,"regions_unexplored:larch_leaves":5,"realmrpg_skeletons:rookie_skeleton":1,"minecraft:bookshelf":11,"realmrpg_skeletons:trident_skeleton":1,"minecraft:stripped_mangrove_wood":1,"minecraft:stone":91,"regions_unexplored:silt_grass_block":1,"minecraft:spruce_slab":4,"minecraft:smoker":5,"minecraft:crafting_table":7,"born_in_chaos_v1:scorched_planks":2,"regions_unexplored:peat_grass_block":1,"regions_unexplored:silt_dirt":3,"minecraft:campfire":1,"minecraft:copper_ore":2,"minecraft:tall_grass":6,"minecraft:cobblestone":33,"minecraft:wall_torch":1,"minecraft:light_blue_terracotta":1,"minecraft:red_candle":1,"minecraft:coarse_dirt":4,"minecraft:trapped_chest":1,"minecraft:wheat":31,"minecraft:mangrove_planks":1,"minecraft:grass":2,"minecraft:coal_ore":136,"regions_unexplored:peat_dirt":6,"minecraft:dirt":20,"minecraft:stone_bricks":1},"minecraft:broken":{"minecraft:stone_pickaxe":2,"mowziesmobs:spear":2,"minecraft:stone_axe":1}},"DataVersion":3465}