{"stats":{"minecraft:used":{"minecraft:stone_pickaxe":197,"minecraft:spruce_planks":4,"minecraft:rotten_flesh":1,"regions_unexplored:maple_planks":10,"minecraft:torch":6,"minecraft:dirt":1,"minecraft:mutton":1,"minecraft:crafting_table":1,"minecraft:white_bed":2,"minecraft:campfire":2,"born_in_chaos_v1:corpse_maggot":6,"minecraft:apple":6,"minecraft:chicken":1,"minecraft:stone_axe":82,"minecraft:beef":1,"mowziesmobs:spear":76,"minecraft:cobblestone":73,"minecraft:porkchop":1,"minecraft:cooked_porkchop":2,"minecraft:cooked_beef":1},"minecraft:crafted":{"minecraft:crafting_table":1,"minecraft:spruce_planks":36,"regions_unexplored:maple_planks":36,"minecraft:furnace":1,"minecraft:campfire":2,"minecraft:stone_axe":2,"shieldexp:iron_shield":1,"minecraft:air":0,"minecraft:charcoal":7,"minecraft:stick":16,"minecraft:iron_ingot":9,"minecraft:stone_pickaxe":2,"minecraft:white_bed":1,"mowziesmobs:spear":3,"minecraft:torch":16,"minecraft:shears":1,"minecraft:smoker":1},"minecraft:killed_by":{"lummobs:angel":1,"minecraft:skeleton":2,"minecraft:creeper":1,"spore:scamper":1,"spore:inf_human":1,"born_in_chaos_v1:door_knight":1,"born_in_chaos_v1:dread_hound":1},"minecraft:killed":{"minecraft:pig":2,"undead_revamp2:axestrom":1,"lummobs:skull_1":1,"born_in_chaos_v1:maggot":2,"spore:inf_villager":2,"minecraft:sheep":1,"minecraft:zombie":1,"spore:inf_human":3,"minecraft:fox":2,"minecraft:chicken":1,"born_in_chaos_v1:corpse_fly":3,"lummobs:angel":1,"born_in_chaos_v1:corpse_fish":1,"minecraft:cow":4},"minecraft:picked_up":{"regions_unexplored:peat_dirt":3,"minecraft:charcoal":15,"born_in_chaos_v1:corpse_maggot":6,"minecraft:crafting_table":2,"minecraft:wheat":1,"minecraft:feather":3,"minecraft:cooked_beef":7,"minecraft:chainmail_boots":1,"minecraft:chicken":1,"born_in_chaos_v1:spiritual_dust":2,"born_in_chaos_v1:seedof_chaos":2,"regions_unexplored:silt_dirt":1,"minecraft:potato":1,"minecraft:enchanted_book":3,"minecraft:dirt":2,"minecraft:string":4,"minecraft:raw_copper":10,"shieldexp:wooden_shield":1,"minecraft:bone":14,"minecraft:apple":5,"minecraft:iron_ingot":1,"minecraft:spruce_planks":29,"minecraft:beef":7,"spelunkery:rough_lazurite":2,"spore:mutated_fiber":2,"minecraft:furnace":2,"minecraft:book":21,"spore:cerebrum":1,"minecraft:stick":43,"minecraft:raw_iron":10,"apotheosis:gem":5,"born_in_chaos_v1:shattered_skull":2,"minecraft:cooked_porkchop":2,"minecraft:porkchop":5,"minecraft:white_bed":2,"minecraft:spruce_sapling":23,"minecraft:spruce_log":24,"born_in_chaos_v1:pieceofdarkmetal":2,"minecraft:trapped_chest":1,"minecraft:arrow":1,"minecraft:rotten_flesh":9,"regions_unexplored:maple_sapling":34,"minecraft:iron_helmet":1,"regions_unexplored:maple_log":65,"minecraft:mutton":1,"minecraft:coal":127,"minecraft:white_wool":3,"minecraft:cobblestone":133},"minecraft:custom":{"minecraft:interact_with_furnace":11,"minecraft:mob_kills":25,"minecraft:interact_with_crafting_table":12,"minecraft:open_barrel":1,"minecraft:interact_with_campfire":10,"minecraft:damage_dealt_resisted":167,"minecraft:leave_game":9,"minecraft:time_since_death":14574,"minecraft:damage_resisted":0,"minecraft:time_since_rest":14601,"minecraft:sprint_one_cm":210862,"minecraft:damage_taken":3567,"minecraft:walk_one_cm":97733,"minecraft:trigger_trapped_chest":1,"minecraft:drop":38,"minecraft:damage_dealt":4508,"minecraft:swim_one_cm":13376,"minecraft:fly_one_cm":313344,"minecraft:open_chest":7,"minecraft:crouch_one_cm":5427,"minecraft:play_time":86796,"minecraft:deaths":13,"minecraft:sneak_time":2657,"minecraft:walk_under_water_one_cm":1923,"minecraft:jump":1478,"minecraft:walk_on_water_one_cm":6759,"minecraft:total_world_time":86796,"minecraft:fall_one_cm":40409},"minecraft:dropped":{"minecraft:raw_copper":10,"minecraft:wheat":1,"regions_unexplored:maple_sapling":34,"mowziesmobs:spear":1,"spore:mutated_fiber":2,"minecraft:stick":1,"minecraft:dirt":1,"apotheosis:gem":3,"shieldexp:wooden_shield":1,"minecraft:arrow":1,"minecraft:bone":14},"minecraft:mined":{"minecraft:white_bed":2,"minecraft:crafting_table":2,"regions_unexplored:peat_grass_block":1,"minecraft:grass_block":1,"minecraft:campfire":1,"regions_unexplored:maple_leaves":5,"minecraft:tall_grass":2,"minecraft:copper_ore":2,"minecraft:cobblestone":23,"minecraft:trapped_chest":1,"minecraft:furnace":2,"minecraft:iron_ore":1,"regions_unexplored:mossy_stone":2,"regions_unexplored:orange_maple_leaves":1,"treechop:chopped_log":5,"regions_unexplored:larch_leaves":5,"regions_unexplored:peat_dirt":2,"realmrpg_skeletons:rookie_skeleton":1,"minecraft:bookshelf":7,"minecraft:coal_ore":129,"minecraft:dirt":1,"minecraft:stone":35,"regions_unexplored:silt_grass_block":1},"minecraft:broken":{"minecraft:stone_pickaxe":1,"mowziesmobs:spear":1}},"DataVersion":3465}