{"stats":{"minecraft:used":{"minecraft:spruce_planks":67,"minecraft:cooked_salmon":1,"minecraft:rotten_flesh":1,"regions_unexplored:maple_planks":42,"minecraft:torch":15,"minecraft:dirt":20,"minecraft:mutton":1,"minecraft:stone_brick_slab":1,"minecraft:spruce_boat":2,"minecraft:wooden_axe":9,"born_in_chaos_v1:corpse_maggot":6,"born_in_chaos_v1:smoked_flesh":28,"minecraft:stone_bricks":1,"minecraft:stone_brick_stairs":1,"mowziesmobs:spear":133,"minecraft:beef":1,"minecraft:furnace":2,"minecraft:cooked_cod":2,"minecraft:cooked_beef":3,"born_in_chaos_v1:trident_hayfork":31,"minecraft:leather_leggings":1,"minecraft:spruce_door":1,"minecraft:stone_pickaxe":308,"minecraft:cracked_stone_bricks":1,"minecraft:crafting_table":7,"minecraft:campfire":2,"minecraft:white_bed":10,"minecraft:smoker":3,"shieldexp:iron_shield":3,"minecraft:apple":6,"minecraft:bread":10,"minecraft:chicken":1,"minecraft:iron_pickaxe":94,"minecraft:leather_helmet":1,"minecraft:stone_axe":212,"minecraft:cobblestone":161,"minecraft:cooked_porkchop":9,"minecraft:porkchop":1,"regions_unexplored:maple_log":22,"minecraft:coarse_dirt":1,"regions_unexplored:maple_boat":1},"minecraft:crafted":{"regions_unexplored:maple_planks":36,"minecraft:furnace":1,"shieldexp:iron_shield":1,"minecraft:leather":2,"minecraft:stone_pickaxe":3,"minecraft:spruce_boat":2,"mowziesmobs:spear":3,"minecraft:smoker":2,"minecraft:cooked_porkchop":15,"minecraft:crafting_table":1,"minecraft:spruce_planks":50,"minecraft:bone":6,"minecraft:campfire":2,"regions_unexplored:maple_boat":1,"minecraft:stone_axe":3,"minecraft:air":0,"minecraft:charcoal":7,"minecraft:stick":16,"born_in_chaos_v1:smoked_flesh":30,"minecraft:iron_ingot":9,"minecraft:wooden_axe":1,"minecraft:white_bed":1,"minecraft:torch":16,"minecraft:shears":1},"minecraft:killed_by":{"lummobs:angel":1,"undead_revamp2:the_moonflower":1,"minecraft:creeper":1,"spore:scamper":1,"spore:inf_human":1,"minecraft:skeleton":2,"born_in_chaos_v1:door_knight":1,"born_in_chaos_v1:dread_hound":1},"minecraft:killed":{"born_in_chaos_v1:restless_spirit":1,"born_in_chaos_v1:door_knight_not_despawn":2,"born_in_chaos_v1:zombie_clown_not_despawn":1,"minecraft:spider":3,"undead_revamp2:axestrom":1,"undead_revamp2:thesmoker":1,"lummobs:skull_1":1,"enemyexpansion:direwolf":1,"born_in_chaos_v1:zombie_bruiser":1,"born_in_chaos_v1:maggot":3,"minecraft:fox":3,"minecraft:chicken":11,"born_in_chaos_v1:corpse_fish":1,"undead_revamp2:sucker":2,"minecraft:pig":9,"alexsmobs:seal":1,"undead_revamp2:the_moonflower":3,"enemyexpansion:sprinter":1,"born_in_chaos_v1:decrepit_skeleton":5,"minecraft:sheep":1,"spore:inf_villager":2,"realmrpg_quests:cook":1,"enemyexpansion:meature":1,"minecraft:zombie":11,"spore:inf_human":3,"born_in_chaos_v1:corpse_fly":5,"enemyexpansion:botfly":1,"lummobs:angel":1,"alexsmobs:crow":1,"lummobs:cacus":1,"minecraft:enderman":1,"minecraft:cow":8},"minecraft:picked_up":{"minecraft:charcoal":51,"minecraft:crafting_table":11,"minecraft:coarse_dirt":3,"minecraft:wheat":2,"minecraft:chainmail_boots":1,"minecraft:chicken":1,"born_in_chaos_v1:seedof_chaos":2,"regions_unexplored:silt_dirt":4,"regions_unexplored:maple_boat":1,"minecraft:enchanted_book":3,"minecraft:stone_brick_stairs":2,"minecraft:string":5,"minecraft:raw_copper":10,"shieldexp:wooden_shield":1,"born_in_chaos_v1:intoxicating_decoction":1,"dungeonnowloading:spawner_fragment":30,"minecraft:cracked_stone_bricks":2,"minecraft:spruce_planks":42,"minecraft:beef":7,"born_in_chaos_v1:gnawed_bones":1,"minecraft:sugar_cane":4,"minecraft:furnace":7,"minecraft:stick":43,"minecraft:raw_iron":17,"apotheosis:gem":5,"born_in_chaos_v1:shattered_skull":2,"minecraft:torch":2,"minecraft:porkchop":22,"minecraft:carrot":2,"born_in_chaos_v1:pieceofdarkmetal":2,"minecraft:arrow":2,"minecraft:rotten_flesh":58,"regions_unexplored:maple_sapling":34,"born_in_chaos_v1:trident_hayfork":1,"minecraft:mutton":1,"minecraft:cobblestone":232,"minecraft:white_wool":10,"born_in_chaos_v1:corpse_maggot":6,"regions_unexplored:peat_dirt":8,"minecraft:feather":11,"minecraft:cooked_beef":7,"born_in_chaos_v1:spiritual_dust":2,"minecraft:leather":2,"minecraft:smoker":7,"minecraft:potato":2,"regions_unexplored:peat_grass_block":1,"minecraft:oak_log":1,"minecraft:dirt":26,"born_in_chaos_v1:monster_skin":1,"minecraft:bone":22,"minecraft:apple":5,"minecraft:stone_bricks":5,"minecraft:bow":1,"minecraft:wheat_seeds":1,"born_in_chaos_v1:smoked_flesh":2,"minecraft:iron_ingot":4,"spelunkery:rough_lazurite":2,"spore:mutated_fiber":2,"minecraft:book":33,"spore:cerebrum":1,"minecraft:cooked_porkchop":3,"minecraft:stone_brick_slab":2,"minecraft:jungle_planks":3,"minecraft:amethyst_shard":2,"minecraft:spruce_sapling":23,"minecraft:spruce_door":2,"minecraft:white_bed":10,"minecraft:spruce_log":24,"minecraft:trapped_chest":1,"minecraft:spruce_boat":1,"minecraft:iron_helmet":2,"regions_unexplored:maple_log":65,"minecraft:bread":2,"minecraft:coal":145,"minecraft:ender_pearl":1},"minecraft:custom":{"minecraft:mob_kills":88,"minecraft:interact_with_crafting_table":19,"minecraft:open_barrel":58,"minecraft:interact_with_campfire":10,"minecraft:damage_dealt_resisted":167,"minecraft:leave_game":9,"minecraft:time_since_death":47083,"minecraft:climb_one_cm":3702,"minecraft:damage_resisted":0,"minecraft:sprint_one_cm":556896,"minecraft:walk_one_cm":210898,"minecraft:damage_blocked_by_shield":90,"minecraft:drop":98,"minecraft:play_time":182796,"minecraft:deaths":14,"minecraft:sneak_time":6053,"minecraft:walk_under_water_one_cm":3738,"minecraft:jump":3807,"minecraft:walk_on_water_one_cm":9472,"minecraft:total_world_time":182796,"minecraft:interact_with_furnace":20,"minecraft:sleep_in_bed":7,"minecraft:time_since_rest":4188,"minecraft:damage_taken":5544,"minecraft:trigger_trapped_chest":3,"minecraft:damage_dealt":15780,"minecraft:swim_one_cm":39024,"minecraft:fly_one_cm":806561,"minecraft:open_chest":50,"minecraft:crouch_one_cm":14691,"minecraft:interact_with_smoker":12,"minecraft:fall_one_cm":107953},"minecraft:dropped":{"minecraft:oak_log":1,"minecraft:ender_pearl":1,"minecraft:crafting_table":3,"minecraft:cooked_porkchop":9,"minecraft:cobblestone":10,"minecraft:lead":1,"minecraft:iron_helmet":1,"minecraft:leather":2,"minecraft:cracked_stone_bricks":1,"minecraft:coal":2,"minecraft:stick":1,"minecraft:emerald":3,"minecraft:dirt":6,"minecraft:wooden_axe":1,"shieldexp:wooden_shield":2,"minecraft:amethyst_shard":2,"regions_unexplored:maple_log":28,"minecraft:trapped_chest":1,"minecraft:stone_brick_slab":1,"minecraft:bone":28,"minecraft:coarse_dirt":2,"minecraft:raw_copper":10,"minecraft:wheat":1,"regions_unexplored:maple_sapling":34,"spore:cerebrum":1,"mowziesmobs:spear":1,"spore:mutated_fiber":2,"minecraft:shears":1,"minecraft:carrot":2,"minecraft:potato":1,"regions_unexplored:peat_dirt":8,"apotheosis:gem":3,"regions_unexplored:peat_grass_block":1,"minecraft:stone_bricks":1,"minecraft:spruce_log":3,"minecraft:arrow":2,"minecraft:stone_pickaxe":1,"minecraft:stone_brick_stairs":1},"minecraft:mined":{"minecraft:spruce_planks":11,"minecraft:white_bed":10,"minecraft:mossy_cobblestone":2,"minecraft:grass_block":4,"minecraft:soul_soil":2,"regions_unexplored:maple_leaves":5,"minecraft:spruce_leaves":1,"minecraft:spawner":7,"minecraft:furnace":7,"minecraft:iron_ore":8,"regions_unexplored:mossy_stone":2,"regions_unexplored:orange_maple_leaves":1,"treechop:chopped_log":5,"regions_unexplored:larch_leaves":5,"realmrpg_skeletons:rookie_skeleton":1,"born_in_chaos_v1:black_argillite_slab":1,"minecraft:bookshelf":11,"realmrpg_skeletons:trident_skeleton":1,"minecraft:stripped_mangrove_wood":1,"minecraft:stone":132,"regions_unexplored:silt_grass_block":1,"minecraft:white_wool":1,"minecraft:spruce_slab":4,"minecraft:smoker":7,"minecraft:stone_brick_slab":1,"minecraft:crafting_table":8,"born_in_chaos_v1:scorched_planks":2,"regions_unexplored:peat_grass_block":1,"minecraft:calcite":34,"regions_unexplored:silt_dirt":3,"minecraft:campfire":2,"minecraft:copper_ore":2,"minecraft:tall_grass":6,"minecraft:cobblestone":33,"minecraft:wall_torch":1,"minecraft:light_blue_terracotta":1,"minecraft:red_candle":1,"minecraft:coarse_dirt":4,"minecraft:trapped_chest":1,"minecraft:wheat":32,"born_in_chaos_v1:black_argillite_brick":1,"minecraft:stone_brick_stairs":5,"minecraft:mangrove_planks":1,"minecraft:grass":2,"minecraft:coal_ore":136,"regions_unexplored:peat_dirt":6,"minecraft:dirt":23,"minecraft:cracked_stone_bricks":4,"minecraft:stone_bricks":8},"minecraft:broken":{"minecraft:stone_pickaxe":2,"mowziesmobs:spear":2,"minecraft:stone_axe":1}},"DataVersion":3465}