{
	"level_seeds": [
		{
			"dim": "minecraft:overworld",
			"seed": -5205331215524445024
		},
		{
			"dim": "twilightforest:twilight_forest",
			"seed": -5205331215524445024
		},
		{
			"dim": "man:halucination",
			"seed": -5205331215524445024
		},
		{
			"dim": "minecraft:the_nether",
			"seed": -5205331215524445024
		},
		{
			"dim": "deeperdarker:otherside",
			"seed": -5205331215524445024
		},
		{
			"dim": "graveyard:past",
			"seed": -5205331215524445024
		},
		{
			"dim": "minecraft:the_end",
			"seed": -5205331215524445024
		}
	],
	"structure_seeds": [
		{
			"dim": "minecraft:overworld",
			"seed": -5205331215524445024
		},
		{
			"dim": "twilightforest:twilight_forest",
			"seed": -5205331215524445024
		},
		{
			"dim": "man:halucination",
			"seed": -5205331215524445024
		},
		{
			"dim": "minecraft:the_nether",
			"seed": -5205331215524445024
		},
		{
			"dim": "deeperdarker:otherside",
			"seed": -5205331215524445024
		},
		{
			"dim": "graveyard:past",
			"seed": -5205331215524445024
		},
		{
			"dim": "minecraft:the_end",
			"seed": -5205331215524445024
		}
	]
}